[
    { "term": "Uva", "definition": "Grape" },
    { "term": "Abacaxi", "definition": "Pineapple" },
    { "term": "Maçã", "definition": "Apple" },
    { "term": "Laranja", "definition": "Orange" },
    { "term": "Amora", "definition": "Blackberry" },
    { "term": "Cereja", "definition": "Cherry" },
    { "term": "Framboesa", "definition": "Raspberry" },
    { "term": "Morango", "definition": "Strawberry" },
    { "term": "Limão", "definition": "Lemon" },
    { "term": "Melão", "definition": "Melon" }

]

  